"size","percentage"
0,0.403183867342016
1,0.403358775313828
2,0.413678541713831
3,0.413808384312682
4,0.413949703143408
5,0.41411576441359
6,0.520675843747989
7,0.521589030642687
8,0.521901690895889
9,0.52206218438986
10,0.535606641299047
11,0.536661265261905
12,0.538739949941148
13,0.539862127813108
14,0.555539473253203
15,0.557633183271808
16,0.561017891419431
17,0.561909596408544
18,0.572842631693497
19,0.573589095016864
20,0.57407797653993
21,0.574535157708763
22,0.576870555171865
23,0.57731426207832
24,0.577783577612841
25,0.578571714114515
26,0.58709154745897
27,0.587684767901567
28,0.588658360205992
29,0.589215477634916
30,0.592313073093221
31,0.593063687710742
32,0.594086496441312
33,0.594604840545991
34,0.599030438198029
35,0.599341351112721
36,0.599543646440765
37,0.599921215452415
38,0.601323598737679
39,0.601631129521684
40,0.602085690742303
41,0.602327026791353
42,0.604523028789523
43,0.604998568568556
44,0.605267025789003
45,0.60553864984921
46,0.609309004192282
47,0.609913032796543
48,0.610178457892639
49,0.610468555341878
50,0.61265154142757
51,0.612998812987779
52,0.613253065245163
53,0.613602856340712
54,0.614479047314004
55,0.614686286721637
56,0.614995032127208
57,0.615155442054818
58,0.616451244671955
59,0.616894355834102
60,0.617354791470078
61,0.617514508769981
62,0.617898101413014
63,0.618104667583795
64,0.61834521031586
65,0.618524406593519
66,0.618817071580384
67,0.619163306190564
68,0.619329710826283
69,0.619505026601368
70,0.620127840846947
71,0.620311348634275
72,0.620526916881575
73,0.620678892368741
74,0.621391242452234
75,0.621671477745597
76,0.621827152222483
77,0.62196796378676
78,0.623305376037466
79,0.623524100805417
80,0.623923295842908
81,0.624362449243817
82,0.624837715212081
83,0.625316006798554
84,0.62543638281921
85,0.62576431416392
86,0.626039158523395
87,0.626164256805309
88,0.626305398921282
89,0.626460275516961
90,0.626988761151815
91,0.62720780683982
92,0.627397732588845
93,0.627509398189573
94,0.627694811277165
95,0.627851065147956
96,0.627975747688821
97,0.628103219677779
98,0.628278813126212
99,0.628427005518661
100,0.628522670815529
101,0.628627797913753
102,0.628753483775405
103,0.628843578510752
104,0.628927018752834
105,0.629034591380806
106,0.629267995429407
107,0.62942104806577
108,0.629511444372842
109,0.629618687824052
110,0.629847623917913
111,0.629945742320854
112,0.630033940537101
113,0.630120695530905
114,0.630384885459352
115,0.63054855278116
116,0.630642902625438
117,0.630713939864792
118,0.630825689627214
119,0.63092416328818
120,0.631022487612638
121,0.631092753059138
122,0.631321983077527
123,0.631465469041748
124,0.631531662437203
125,0.631619906550809
126,0.632130005247522
127,0.632247509359343
128,0.632334613260952
129,0.632393487927161
130,0.632520646799182
131,0.63260233265089
132,0.632681509293455
133,0.632755005464642
134,0.632845219415471
135,0.632894736017143
136,0.632945350902342
137,0.632993784585754
138,0.633089606327694
139,0.633193360403186
140,0.633250023640271
141,0.633301017384208
142,0.63336664211593
143,0.633418745334241
144,0.633518717179668
145,0.633619669843702
146,0.63371031901857
147,0.633780821400615
148,0.63383801293217
149,0.633883616996669
150,0.634053396066268
151,0.634114672604454
152,0.634162921989703
153,0.634215751755541
154,0.634715535502923
155,0.63479184271012
156,0.63485918396477
157,0.634907356431546
158,0.635086370523058
159,0.6351723739866
160,0.635226946179449
161,0.635281261202511
162,0.635358452366181
163,0.635428279697024
164,0.635482264012468
165,0.635519602009522
166,0.63557722032414
167,0.635665621832517
168,0.63572891842145
169,0.63580985464938
170,0.635862126722627
171,0.635966714122915
172,0.636010612812811
173,0.636119919242548
174,0.636198317012046
175,0.63629298438865
176,0.636339596260198
177,0.636379507571028
178,0.636560352772942
179,0.636606715086463
180,0.636656185904174
181,0.636834741050452
182,0.636892774850977
183,0.636938661067998
184,0.63703799919536
185,0.637132328181713
186,0.637230610676922
187,0.637295275114858
188,0.637340408688912
189,0.637388487411964
190,0.637455448539249
191,0.637509763874152
192,0.637586386281954
193,0.63762893948328
194,0.637705357755564
195,0.637806178560373
196,0.637854528953829
197,0.637899698035258
198,0.637969162156124
199,0.638006641722005
200,0.638049169479923
201,0.638105721687358
202,0.638186556765335
203,0.638297351039161
204,0.638360278280515
205,0.63858561647791
206,0.638649093119714
207,0.638710546670318
208,0.638758959028043
209,0.638807302320024
210,0.638896722677463
211,0.638957411912315
212,0.639025396530846
213,0.639066235491355
214,0.639168233936194
215,0.639201348447852
216,0.639245906426792
217,0.639291856124764
218,0.639406956160458
219,0.639467423173002
220,0.639516249833055
221,0.639605969076132
222,0.639656743191712
223,0.639700659777042
224,0.639769644087661
225,0.63980487588783
226,0.639915895261408
227,0.639955563180162
228,0.639998473276681
229,0.64003543933929
230,0.640086592427004
231,0.640127011202727
232,0.640182110166275
233,0.640223283696981
234,0.640291239668642
235,0.640344413501659
236,0.640415581841899
237,0.640452970980913
238,0.640539516339454
239,0.640587579257826
240,0.640637829203746
241,0.640678090428778
242,0.640736695182234
243,0.640792155697332
244,0.640838638891852
245,0.640879345667119
246,0.640963328576715
247,0.641002022360186
248,0.641055383085319
249,0.641095731441623
250,0.641182253057707
251,0.641238080652449
252,0.64128906934314
253,0.641322888410431
254,0.641426661047562
255,0.641525977360213
256,0.641587656754736
257,0.641658878171769
258,0.641819953320495
259,0.641868807876162
260,0.641928456638598
261,0.642020921119188
262,0.642140115183646
263,0.642183915806564
264,0.642228091248458
265,0.642258073796962
266,0.642301515185878
267,0.642376249572254
268,0.642411069139587
269,0.642505579497047
270,0.642550482032191
271,0.642621831601792
272,0.642665490258994
273,0.642774192794027
274,0.642909043414095
275,0.642957094227358
276,0.642997659603892
277,0.643035487354674
278,0.643139895106068
279,0.643267267915342
280,0.643317880383772
281,0.643374915045017
282,0.64358737659539
283,0.643640175609432
284,0.643684331178535
285,0.64372888822904
286,0.643801880861698
287,0.643838498158248
288,0.643870159681161
289,0.643897380705535
290,0.643956276761218
291,0.64399596618993
292,0.645026516109556
293,0.645056604152529
294,0.645091566989642
295,0.645119142556225
296,0.645160838137488
297,0.645189913298905
298,0.645230372543113
299,0.645283927290185
300,0.645316435603766
301,0.645341912989201
302,0.645376979499346
303,0.645431393099671
304,0.645475236239306
305,0.645509696841953
306,0.645546909875724
307,0.645579552096761
308,0.645622985221885
309,0.645651067190266
310,0.645703119720204
311,0.64575498960332
312,0.645919810269893
313,0.645945794900515
314,0.64598390671739
315,0.646035704317128
316,0.647030377967087
317,0.647054775042389
318,0.647289918562598
319,0.647337600063717
320,0.647394139110035
321,0.647456440564013
322,0.647502458307158
323,0.64757898575222
324,0.647620157383529
325,0.647649837070419
326,0.64769033886678
327,0.647720894026643
328,0.647777101266812
329,0.647806644558604
330,0.647841638983815
331,0.647892067721066
332,0.647924739595368
333,0.647955709277265
334,0.647984978425185
335,0.64804633766508
336,0.648238471271229
337,0.648269396671672
338,0.648314574002719
339,0.648362528251512
340,0.6484037184232
341,0.648436723514024
342,0.648534265683994
343,0.648576055689362
344,0.648606071711186
345,0.648639432726244
346,0.648680899047509
347,0.648742926414313
348,0.648773504317324
349,0.648805498262981
350,0.648843266430828
351,0.648878283974814
352,0.648931506221181
353,0.648963616561575
354,0.648996997662042
355,0.64905051639854
356,0.649084657626163
357,0.649111964640755
358,0.649157629911182
359,0.649194315075722
360,0.64922736993357
361,0.649260798320507
362,0.649307076394374
363,0.649366409403397
364,0.649399184738112
365,0.649432091613126
366,0.649546030600159
367,0.649590385513765
368,0.649642119349059
369,0.649673290154371
370,0.649716761125679
371,0.649762960261194
372,0.64983694715707
373,0.649875693365303
374,0.650002272333131
375,0.650037720990521
376,0.650065739265333
377,0.650092877488775
378,0.650131764096432
379,0.650185167118574
380,0.650257805407468
381,0.650300851743165
382,0.650348202458706
383,0.650386597172269
384,0.650425223683084
385,0.650462342767598
386,0.650503947454232
387,0.650553224646892
388,0.650605693584085
389,0.650655146350441
390,0.650825380686964
391,0.650865941832379
392,0.650931575139735
393,0.650969113466425
394,0.651049982570533
395,0.651101844196943
396,0.651185702752765
397,0.651235475822581
398,0.65128836198207
399,0.651343731382832
400,0.651405703957716
401,0.651457354956642
402,0.651527904136132
403,0.651567372547377
404,0.651600694327138
405,0.651626084687611
406,0.651665807121881
407,0.651689467635301
408,0.651719979179917
409,0.651743265065717
410,0.651782321173254
411,0.651825837326103
412,0.651857467565672
413,0.651886822399054
414,0.651920481902861
415,0.651954836295223
416,0.652010148047883
417,0.652041316649044
418,0.652085085627165
419,0.652121727785965
420,0.652179749821571
421,0.652207984542541
422,0.666894311593753
423,0.666917628018732
424,0.666948067109875
425,0.666969779381076
426,0.667001972019204
427,0.667035514632163
428,0.667065663094372
429,0.667091274706192
430,0.667149762760158
431,0.667182400062608
432,0.667212360229417
433,0.667234473804836
434,0.667263312484296
435,0.667286115639883
436,0.667310843791342
437,0.667331766275034
438,0.667358342114092
439,0.667419413439491
440,0.667440264617852
441,0.66746808654609
442,0.66749595050202
443,0.667533367564998
444,0.667555277302567
445,0.667575561858338
446,0.669214521042685
447,0.669246969234695
448,0.669275187860406
449,0.669296635435107
450,0.669334410945397
451,0.669361818798101
452,0.669389456236818
453,0.669413569331075
454,0.669483586325168
455,0.669506538434551
456,0.669530415330343
457,0.669557667999514
458,0.669591921142701
459,0.669622744301747
460,0.669644437834125
461,0.669674332351269
462,0.669815522767196
463,0.669845039339865
464,0.669952290452447
465,0.669997482163627
466,0.670028219807304
467,0.670060634816574
468,0.670097973075857
469,0.670143129910431
470,0.670201705563431
471,0.670231333045266
472,0.670264428307815
473,0.670356453446645
474,0.67041830729507
475,0.67048897577509
476,0.670585985830536
477,0.670655466620733
478,0.670726998142601
479,0.670786363490976
480,0.67084514961554
481,0.67090106004665
482,0.670965568804943
483,0.671007533724888
484,0.671057040872101
485,0.671118330925769
486,0.675861879316588
487,0.675909844345165
488,0.67594261075697
489,0.67600692452945
490,0.676061511662329
491,0.676103471415632
492,0.676139329775691
493,0.676163559122939
494,0.676206333270859
495,0.676238915710516
496,0.676280061735408
497,0.6763020079584
498,0.676338648317026
499,0.676391607256003
500,0.67641642620287
501,0.676443814955299
502,0.676474430676145
503,0.676512656485162
504,0.676531649784387
505,0.676567226643956
506,0.677955176230619
507,0.678027275920109
508,0.678053031793932
509,0.678080931859658
510,0.678294551800954
511,0.678352647424002
512,0.678374500824619
513,0.678404931786627
514,0.678451102331971
515,0.678514463854752
516,0.678535805155382
517,0.678562184888834
518,0.678622046823095
519,0.678660479772644
520,0.678683641106226
521,0.678738403430086
522,0.678793686075203
523,0.678848224582112
524,0.678866451134641
525,0.67890298814625
526,0.678942885048598
527,0.678977932727785
528,0.679000740674387
529,0.6790238511495
530,0.679978303560977
531,0.680010701291408
532,0.680029932993248
533,0.680052246345495
534,0.680084830351445
535,0.680109812207002
536,0.680130684037757
537,0.680156397784665
538,0.680188860222149
539,0.680220158605958
540,0.680236982319481
541,0.680260771120127
542,0.680288966442794
543,0.680341971335828
544,0.680361518528851
545,0.680383781454955
546,0.680437239254843
547,0.680464661317584
548,0.680483403761806
549,0.680527778803346
550,0.680560105044176
551,0.680587759676685
552,0.680605446339921
553,0.680637011532245
554,0.680661607328367
555,0.680721514826883
556,0.680738434367797
557,0.68076088624842
558,0.680820913167951
559,0.680851990654776
560,0.680870470316069
561,0.680893357321508
562,0.680918963688726
563,0.680946596293905
564,0.680964597612023
565,0.680984612744064
566,0.681014300127762
567,0.681038779351965
568,0.681058308103832
569,0.681079392114191
570,0.681111805216976
571,0.681158128762964
572,0.68120875733374
573,0.681257240160494
574,0.681301890749191
575,0.681330531345688
576,0.681417320542804
577,0.681442001599152
578,0.681470147920222
579,0.681504029646337
580,0.681662715857409
581,0.68168747193992
582,0.681792025278642
583,0.681817189710148
584,0.681837519022221
585,0.681863158813149
586,0.681888154198362
587,0.681922673561818
588,0.681944554220193
589,0.681968172606699
590,0.681994795774749
591,0.682026706040649
592,0.682154140353518
593,0.682181408827369
594,0.68221434955133
595,0.682243381395166
596,0.682264959765998
597,0.682288263688979
598,0.682324960490866
599,0.682348747611822
600,0.68236794369289
601,0.682389559527193
602,0.68243809464405
603,0.682469747024346
604,0.682490021509062
605,0.682513737629442
606,0.682591630747706
607,0.682619502435881
608,0.682640942597265
609,0.682663959201082
610,0.682702891798232
611,0.682776497609959
612,0.682795476500701
613,0.682817526772352
614,0.682848795970657
615,0.682871101675707
616,0.682889157934578
617,0.682922454029963
618,0.682946877909436
619,0.682975974835952
620,0.682994295982681
621,0.683017742580109
622,0.683040144183422
623,0.683070537320508
624,0.683093299504411
625,0.683114376718048
626,0.683135744043245
627,0.683158619418424
628,0.683175016944217
629,0.683197002820656
630,0.683244458038443
631,0.683275548069791
632,0.683293042036413
633,0.683336718504
634,0.683358188460396
635,0.683388242137048
636,0.68340402972267
637,0.68342391797077
638,0.683451721472026
639,0.683477783332962
640,0.683495994910025
641,0.683518364705533
642,0.683584888758994
643,0.683618823441419
644,0.683637511299252
645,0.683662555289173
646,0.683879806175017
647,0.683910674359683
648,0.683932504747835
649,0.683958963171585
650,0.683988975026076
651,0.68402231307828
652,0.68404204130222
653,0.684070366109868
654,0.684140902574741
655,0.68416766027393
656,0.684194839561192
657,0.684216456373542
658,0.684240379762026
659,0.684268555785973
660,0.684287220723477
661,0.684312156653326
662,0.684964494105287
663,0.684988127346774
664,0.685005289280454
665,0.685028219227847
666,0.685051213329485
667,0.685093921076486
668,0.685111739435941
669,0.685135111836419
670,0.685173386944699
671,0.68519697546532
672,0.685216588435579
673,0.685236397908333
674,0.685254803712867
675,0.685276191591236
676,0.68529498504276
677,0.685316483603501
678,0.685338675061266
679,0.685360305977345
680,0.685377054983633
681,0.685400674213527
682,0.685423064271628
683,0.685449515260799
684,0.685463332314643
685,0.685481765958093
686,0.685504378160542
687,0.685526628095624
688,0.685542507242081
689,0.685561149464786
690,0.685578560297373
691,0.685598916477403
692,0.685614132153308
693,0.685632413653678
694,0.685746889510814
695,0.685768200399837
696,0.685782664474608
697,0.685801144469004
698,0.685821090790444
699,0.685847556152661
700,0.685860914608548
701,0.685878260571073
702,0.686095657703364
703,0.686117034178266
704,0.68614127566606
705,0.686163012508932
706,0.68619542959478
707,0.686216145604146
708,0.686231444329038
709,0.686250538537248
710,0.686409488048623
711,0.686427780080721
712,0.686441377626692
713,0.68646034639677
714,0.686485184769927
715,0.686509572738048
716,0.686523531764696
717,0.686549115558861
718,0.686572934438011
719,0.686598384154625
720,0.686619145884167
721,0.686639434458437
722,0.686666124275462
723,0.686692741476006
724,0.686708725549947
725,0.686731892723464
726,0.686854305499634
727,0.686875860865089
728,0.686890598204907
729,0.686909846079967
730,0.686929686453351
731,0.6872764436102
732,0.687291589958131
733,0.687312583803852
734,0.687342340090286
735,0.687365784497738
736,0.687382348419173
737,0.68740144360543
738,0.687417704587291
739,0.687439842769818
740,0.68745797506125
741,0.687479816151226
742,0.687518391796484
743,0.687543739781986
744,0.687566728476014
745,0.687594333603728
746,0.687618858611893
747,0.687659067043623
748,0.687682934768448
749,0.687708016937657
750,0.687758981460653
751,0.68778239077888
752,0.687798877399128
753,0.687816661952159
754,0.68785290834901
755,0.687875918347463
756,0.687892524062709
757,0.687911148857742
758,0.687955271088184
759,0.687976597874022
760,0.687991695262881
761,0.688010476446288
762,0.688040230067897
763,0.688068103407413
764,0.688084514562085
765,0.688103115012241
766,0.688149792384621
767,0.688173096413911
768,0.688189511090971
769,0.688207037120541
770,0.688222594191713
771,0.688241613820259
772,0.688255655371434
773,0.688279219334558
774,0.68857982745602
775,0.68859775089888
776,0.688610447670215
777,0.688626155580404
778,0.688645277379475
779,0.68866915371537
780,0.688689756094046
781,0.688705508065983
782,0.688733295408194
783,0.688753614174364
784,0.688767184547625
785,0.688783396109739
786,0.688797918711438
787,0.688817760835385
788,0.688830116303588
789,0.688846257899872
790,0.688922190125086
791,0.688938236949986
792,0.68895067582863
793,0.688967051001077
794,0.688985785925673
795,0.689008484182124
796,0.689019875437265
797,0.689035490985753
798,0.689059501633081
799,0.68907905663631
800,0.689091043954687
801,0.689111193950969
802,0.690260635654599
803,0.690277989802956
804,0.690290623313047
805,0.690305930209597
806,0.690327946483468
807,0.690343076176243
808,0.690355276333342
809,0.690371238138985
810,0.690385403158023
811,0.690406937396235
812,0.690421103145264
813,0.690436654922223
814,0.690451784728394
815,0.690468911707507
816,0.69048861482823
817,0.69050340679696
818,0.690518971798821
819,0.690539929017372
820,0.690551052443425
821,0.69056662702023
822,0.690583913697486
823,0.690600739600985
824,0.690614977052234
825,0.690630965279333
826,0.690654600668273
827,0.690674019843386
828,0.690685929017188
829,0.690702469734801
830,0.690731528368632
831,0.69075201039077
832,0.690762833357805
833,0.690777882942822
834,0.690800449368396
835,0.690816804795624
836,0.690828407528725
837,0.690844022623626
838,0.690860766328614
839,0.690876822409529
840,0.690898108422127
841,0.69091233089791
842,0.691000200858746
843,0.691022679855381
844,0.691033300685517
845,0.691048334309933
846,0.691079714736332
847,0.691097486510961
848,0.691108359528511
849,0.691123307743869
850,0.691148477639683
851,0.691165982223081
852,0.691178046516629
853,0.691193513465688
854,0.691273948089923
855,0.691289315030083
856,0.69129967289302
857,0.691316129732431
858,0.691329340007039
859,0.691350475428675
860,0.691360127779193
861,0.691376118671118
862,0.691397133155058
863,0.69141640234163
864,0.691427231106076
865,0.691441278858639
866,0.691455739007045
867,0.691471588741205
868,0.691482568869129
869,0.691496764058805
870,0.691517899834806
871,0.691533908182752
872,0.691545593837269
873,0.691560282969268
874,0.69157529633818
875,0.691595176705201
876,0.69160554062778
877,0.691620100671687
878,0.691637764861093
879,0.691654886361723
880,0.69166562192108
881,0.69168012669113
882,0.691692839330931
883,0.691708680347711
884,0.691721529006984
885,0.691737548949754
886,0.69180878001969
887,0.691823782211929
888,0.691848404301936
889,0.691862771684665
890,0.696174726846888
891,0.696195539519946
892,0.696204687148356
893,0.696219475977412
894,0.69623664725924
895,0.696254505909999
896,0.696265006206414
897,0.696279432527135
898,0.696299731888277
899,0.696315702014411
900,0.696326925421012
901,0.696342704416826
902,0.696363539138475
903,0.696378081357822
904,0.696388484735402
905,0.696402551077954
906,0.696424463395301
907,0.696446288297882
908,0.696455202775367
909,0.696469785704167
910,0.696487852622339
911,0.696506687796801
912,0.696517354545557
913,0.696531887395492
914,0.696547178430664
915,0.696564705891868
916,0.696577443436443
917,0.696593766644803
918,0.696648816379962
919,0.696671704809949
920,0.696685185493421
921,0.696700465153476
922,0.696713365174416
923,0.696734145338025
924,0.696745098392461
925,0.696760021277806
926,0.696789380817157
927,0.696807600693449
928,0.696819078278997
929,0.69683551017111
930,0.696853123906023
931,0.69687196550158
932,0.696885005567578
933,0.696902342841073
934,0.696918865514419
935,0.696935761412098
936,0.696947004209554
937,0.696963658238928
938,0.696976384798187
939,0.696996504134808
940,0.69700635582274
941,0.697025541839841
942,0.697047469869732
943,0.697065152918445
944,0.697084587636009
945,0.697100076172985
946,0.697146775657742
947,0.697163829644747
948,0.697177658102057
949,0.697192923686732
950,0.697797565859862
951,0.697814462005596
952,0.697840047947214
953,0.697857771528199
954,0.697881917394134
955,0.697900753901008
956,0.697910771453035
957,0.697926769219642
958,0.698195525538346
959,0.698214841862554
960,0.69823286405986
961,0.698248820131877
962,0.698264697258454
963,0.698283102545615
964,0.700608457892106
965,0.700623039927907
966,0.700651279035916
967,0.700668453528292
968,0.700679350153641
969,0.700694721239872
970,0.700713957038172
971,0.700733669145591
972,0.700743718285716
973,0.700763565037671
974,0.700780919100981
975,0.700800328949207
976,0.700811515856211
977,0.700827716213303
978,0.700853382531996
979,0.700870924274111
980,0.700900471832457
981,0.700915854350504
982,0.700940650575485
983,0.700957866833323
984,0.700968577154802
985,0.700988936835959
986,0.701006388696928
987,0.701027657246418
988,0.701039061131128
989,0.701056598394069
990,0.70108980150407
991,0.701110653440772
992,0.701121800035211
993,0.701139973836962
994,0.701178000471572
995,0.701199333380838
996,0.701212639560796
997,0.701243349067891
998,0.701277094937542
999,0.701298104006784
1000,0.70133877405566
1001,0.702527595558016
1002,0.702571292890616
1003,0.702594984070785
1004,0.702604477467326
1005,0.702624594550186
1006,0.704475534007588
1007,0.704593817120047
1008,0.704674918078104
1009,0.70468489417651
1010,0.704712401960152
1011,0.704727167060925
1012,0.704747690203581
1013,0.704757335247092
1014,0.704788721555951
1015,0.704798709235006
1016,0.704818086984848
1017,0.704831499488489
1018,0.705353915211888
1019,0.705389871079028
1020,0.705408780393741
1021,0.705419353086932
1022,0.705444179411678
1023,0.705458203003633
1024,0.705470212299729
1025,0.705492704903981
1026,0.705510058846807
1027,0.705524723279564
1028,0.705536480281935
1029,0.705550576865999
1030,0.705635584748086
1031,0.705661284986599
1032,0.705713288741735
1033,0.705727555328876
1034,0.705816279224379
1035,0.70584109527254
1036,0.705870203255245
1037,0.705886704092618
1038,0.705920648335811
1039,0.705939563221142
1040,0.705955203227905
1041,0.7059748873334
1042,0.706014163466181
1043,0.706521540788323
1044,0.706534953943996
1045,0.706552427307836
1046,0.706571018991001
1047,0.706728461295782
1048,0.706745318099912
1049,0.706764471005144
1050,0.706803595143678
1051,0.706822757878997
1052,0.706835505069388
1053,0.706850326818954
1054,0.706880536239036
1055,0.706897224797738
1056,0.706911739610493
1057,0.707232710269294
1058,0.707592803634994
1059,0.707611625981442
1060,0.707637280556478
1061,0.707658159105994
1062,0.70768839324658
1063,0.70770623369715
1064,0.707730985534368
1065,0.707756110985721
1066,0.707782474276636
1067,0.707807895098325
1068,0.707824963869439
1069,0.707841599918332
1070,0.707864320244637
1071,0.707882768962776
1072,0.707894270255344
1073,0.707903939317717
1074,0.707964823113143
1075,0.707975543378106
1076,0.707985375462565
1077,0.708000868946476
1078,0.708299711181963
1079,0.708316439904397
1080,0.708337835210257
1081,0.708346460788109
1082,0.708360038603036
1083,0.708377280878354
1084,0.708386322402788
1085,0.708396241639782
1086,0.708413872759844
1087,0.708425824932297
1088,0.708438256709465
1089,0.70846126657326
1090,0.7084944025807
1091,0.70850588149866
1092,0.708535117839465
1093,0.708547534159231
1094,0.708566463857021
1095,0.708578232766057
1096,0.708589679500586
1097,0.708602398200029
1098,0.708618824514436
1099,0.7086351111665
1100,0.708654097690265
1101,0.708665434918913
1102,0.708689246703676
1103,0.708705521045098
1104,0.708734418074303
1105,0.708748911752728
1106,0.70877223428696
1107,0.708788716378423
1108,0.708828265088782
1109,0.708893372702708
1110,0.709063519525244
1111,0.709220540142731
1112,0.709244135063184
1113,0.709258224900138
1114,0.709280524425061
1115,0.709299594791592
1116,0.70931487504698
1117,0.709400228307396
1118,0.709416508580889
1119,0.709429230625538
1120,0.709441853440892
1121,0.709452252431434
1122,0.709467507087492
1123,0.709482063991725
1124,0.70949769627333
1125,0.709511189777729
1126,0.70953605368643
1127,0.709546469133684
1128,0.709556751665703
1129,0.709567898288491
1130,0.709584928178674
1131,0.709604225615226
1132,0.709615966430203
1133,0.709627760244014
1134,0.709647215989598
1135,0.709664392792434
1136,0.709677066948193
1137,0.709686825126282
1138,0.70970639756427
1139,0.709718668977089
1140,0.709729387895464
1141,0.709740108075378
1142,0.709756557288854
1143,0.709766239243026
1144,0.709776844034601
1145,0.709787226504645
1146,0.709803688071285
1147,0.709820143174308
1148,0.709832174327639
1149,0.709841520506773
1150,0.709864210201766
1151,0.709877490073665
1152,0.70988815010366
1153,0.70989730547849
1154,0.709940462900535
1155,0.709954422097278
1156,0.709967177785342
1157,0.709979839006778
1158,0.70999954932111
1159,0.710010707985221
1160,0.710022410755569
1161,0.710032986149021
1162,0.710310023751606
1163,0.710323899410337
1164,0.71033448189109
1165,0.710345142509331
1166,0.710479908032181
1167,0.710491834676178
1168,0.710502164296222
1169,0.710518631504354
1170,0.710905022185288
1171,0.710923323303306
1172,0.710936411045575
1173,0.710945773716858
1174,0.710965624806241
1175,0.710977080888919
1176,0.710990253055112
1177,0.710999668512609
1178,0.711030386673297
1179,0.711044210587647
1180,0.71105534813869
1181,0.711064579135017
1182,0.711083979762665
1183,0.711096569019651
1184,0.711106733796172
1185,0.711117725873284
1186,0.711155054515101
1187,0.711178152715009
1188,0.711192986902788
1189,0.711203084924025
1190,0.711218539045069
1191,0.711232146002976
1192,0.711244536574578
1193,0.711254591944441
1194,0.712326357153148
1195,0.712342024502716
1196,0.712356660990247
1197,0.712365601867926
1198,0.712424065158863
1199,0.712437459001642
1200,0.712448998842038
1201,0.712459001432774
1202,0.712479429052793
1203,0.712490778358201
1204,0.712503765078088
1205,0.712516262256866
1206,0.713412322392157
1207,0.713425219039541
1208,0.713444085029587
1209,0.713455293148881
1210,0.713489727578128
1211,0.713523089436574
1212,0.713535541816525
1213,0.713545570857066
1214,0.713591317092814
1215,0.713605787220139
1216,0.713622237064385
1217,0.713634318487938
1218,0.713687975462233
1219,0.713727492712066
1220,0.713741356853934
1221,0.713752926092452
1222,0.713798283540155
1223,0.713819904831679
1224,0.713844841569481
1225,0.713860052801648
1226,0.713880676208345
1227,0.713896293606619
1228,0.713909991225273
1229,0.713920443037466
1230,0.71399580567051
1231,0.714037294366383
1232,0.71404977923452
1233,0.714062412517817
1234,0.720514478035533
1235,0.720530214635115
1236,0.720543907859643
1237,0.720554621377495
1238,0.720577454122562
1239,0.720588668762173
1240,0.720600519841371
1241,0.720611480174465
1242,0.720669163472542
1243,0.720693066981147
1244,0.720712848515763
1245,0.720730351178503
1246,0.720763397467805
1247,0.720778232031211
1248,0.720804888261519
1249,0.720819480382549
1250,0.720846823882564
1251,0.720863082780758
1252,0.720884224793584
1253,0.720899541754101
1254,0.723518705006804
1255,0.723533474551315
1256,0.723547045555346
1257,0.723565790877012
1258,0.723598527281186
1259,0.723621894798514
1260,0.723669684735331
1261,0.723682622708766
1262,0.72638525117211
1263,0.726399817764683
1264,0.726411058414687
1265,0.726422601380583
1266,0.726472660536372
1267,0.726486608783236
1268,0.726498008968374
1269,0.726509052045701
1270,0.726558137654453
1271,0.726569452366748
1272,0.726585364228184
1273,0.726598099022887
1274,0.726694803055783
1275,0.726719932107484
1276,0.72674012853976
1277,0.72675245098823
1278,0.726768181124194
1279,0.726792420577932
1280,0.726808680532135
1281,0.726823153586515
1282,0.726840582916956
1283,0.726855508176547
1284,0.726867491157496
1285,0.726879057667404
1286,0.726905322040866
1287,0.726916403247869
1288,0.726929291099914
1289,0.726965592635963
1290,0.727036970136616
1291,0.727052874556387
1292,0.727067465678107
1293,0.727079916427979
1294,0.728062319898309
1295,0.728075760829113
1296,0.728106140585375
1297,0.728115775586181
1298,0.728312364581287
1299,0.728329725455492
1300,0.728374742748206
1301,0.728430523843169
1302,0.72847377797143
1303,0.728641351706983
1304,0.728658962408532
1305,0.728676463994002
1306,0.728739503994307
1307,0.728773621869276
1308,0.728892758937663
1309,0.728909230589532
1310,0.728937465686129
1311,0.728952208894232
1312,0.728964880498563
1313,0.728981358777058
1314,0.729076895644953
1315,0.729088632583177
1316,0.729104931446659
1317,0.72911538898539
1318,0.729136596286429
1319,0.72914998285055
1320,0.729163745013251
1321,0.729183416942763
1322,0.729204593123465
1323,0.729261871991824
1324,0.729277811444122
1325,0.729287914837533
1326,0.729312059208047
1327,0.729339808930867
1328,0.729439419600371
1329,0.729467273967183
1330,0.729568587098411
1331,0.729584086032456
1332,0.729686417757603
1333,0.729701904062079
1334,0.729774947220103
1335,0.729784417958545
1336,0.729793163729928
1337,0.729804464707034
1338,0.729828199268569
1339,0.729839694579456
1340,0.729859113371855
1341,0.729866153676499
1342,0.729893183031918
1343,0.729905304690077
1344,0.729964559242683
1345,0.729972208410228
1346,0.730064252231182
1347,0.730074890815006
1348,0.73008922899097
1349,0.73009590541943
1350,0.730189632679793
1351,0.730201995880241
1352,0.730561197918676
1353,0.730574851560631
1354,0.736951656785923
1355,0.736968282685801
1356,0.736989650528371
1357,0.737001609129006
1358,0.737044450932297
1359,0.737056494417531
1360,0.737086134585633
1361,0.737114767605806
1362,0.737290287084083
1363,0.737338145406263
1364,0.737358523634885
1365,0.737366513609451
1366,0.73770083550218
1367,0.737708338961914
1368,0.737725445224848
1369,0.738359598222845
1370,0.738390988699036
1371,0.738407214053037
1372,0.73843260911239
1373,0.738441288149751
1374,0.759528278505264
1375,0.759544809818029
1376,0.759568306572283
1377,0.759575141947632
1378,0.759594481915075
1379,0.759608342931443
1380,0.772062451914194
1381,0.77207186679762
1382,0.772152854819542
1383,0.772160848529116
1384,0.77476410202531
1385,0.774769958956297
1386,0.774842645573493
1387,0.775042196812166
1388,0.775101641042196
1389,0.775107301456514
1390,0.7753620834967
1391,0.775397836241806
1392,0.776274155013301
1393,0.776284207179704
1394,0.777460268167544
1395,0.777499961295827
1396,0.777754829793992
1397,0.777760114893223
1398,0.777945920858233
1399,0.777967536557877
1400,0.777996062311756
1401,0.778001776327327
1402,0.778153255582971
1403,0.778171221478761
1404,0.779172446133223
1405,0.779228696209036
1406,0.780152654475221
1407,0.780333129883054
1408,0.78743956886408
1409,0.787480025500162
1410,0.7877162952066
1411,0.787757037730211
1412,0.787788261364261
1413,0.787794856189542
1414,0.789055010507121
1415,0.78905993012135
1416,0.789079334753323
1417,0.789087108586485
1418,0.789114407925531
1419,0.789401411335761
1420,0.790584657039081
1421,0.790798910103108
1422,0.791174743363985
1423,0.791214073643742
1424,0.79298839763181
1425,0.792993132076138
1426,0.793842444263711
1427,0.793908397109099
1428,0.793935689736471
1429,0.793940424520989
1430,0.794444946036643
1431,0.794451264067402
1432,0.794490870730618
1433,0.794499953970903
1434,0.801959089046919
1435,0.801983806213063
1436,0.802218132220242
1437,0.80222437532406
1438,0.802281185062735
1439,0.802306146457255
1440,0.802314823425124
1441,0.802323440413169
1442,0.80288028298949
1443,0.802889186460397
1444,0.802904558666422
1445,0.802910767049554
1446,0.808319004349126
1447,0.808329813290392
1448,0.808339479914733
1449,0.808345359248677
1450,0.811159973524075
1451,0.811204464350843
1452,0.811222747325371
1453,0.811238999526067
1454,1
